{
    "0": {
        "diffractions": [
            {
                "E_imag": [
                    [
                        6.759851409024772e-07,
                        -1.9391489595343957e-06,
                        -2.093264024961393e-06
                    ]
                ],
                "E_real": [
                    [
                        -1.0386601761976071e-06,
                        3.0036133847161077e-06,
                        3.3427864066066154e-06
                    ]
                ],
                "order": 1,
                "path": [
                    [
                        -50.0,
                        5.0,
                        21.0
                    ],
                    [
                        -32.614119902718805,
                        -21.699852771125727,
                        18.561561326616648
                    ],
                    [
                        10.0,
                        -3.0,
                        15.0
                    ]
                ]
            },
            {
                "E_imag": [
                    [
                        2.14649520026212e-06,
                        -1.8173517071408012e-06,
                        -2.6132805269571285e-06
                    ]
                ],
                "E_real": [
                    [
                        1.6329342354511842e-06,
                        -1.3887030087384082e-06,
                        -2.0625329417397707e-06
                    ]
                ],
                "order": 1,
                "path": [
                    [
                        -50.0,
                        5.0,
                        21.0
                    ],
                    [
                        -12.159351588692514,
                        -32.706596925389015,
                        17.45759792850417
                    ],
                    [
                        10.0,
                        -3.0,
                        15.0
                    ]
                ]
            },
            {
                "E_imag": [
                    [
                        5.130501900579455e-07,
                        5.53632198956301e-07,
                        -4.390085259221051e-07
                    ]
                ],
                "E_real": [
                    [
                        3.3794165598871122e-06,
                        3.7187973597229622e-06,
                        -2.8810608109359542e-06
                    ]
                ],
                "order": 1,
                "path": [
                    [
                        -50.0,
                        5.0,
                        21.0
                    ],
                    [
                        25.227111914629937,
                        -5.216534326067583,
                        29.999999999999996
                    ],
                    [
                        10.0,
                        -3.0,
                        15.0
                    ]
                ]
            },
            {
                "E_imag": [
                    [
                        3.6981258987352017e-07,
                        -4.062344255103854e-06,
                        4.021338780022285e-06
                    ]
                ],
                "E_real": [
                    [
                        -3.002745876387444e-07,
                        3.300229711754246e-06,
                        -3.269336929356381e-06
                    ]
                ],
                "order": 1,
                "path": [
                    [
                        -50.0,
                        5.0,
                        21.0
                    ],
                    [
                        25.884424214717,
                        -0.5178684373386186,
                        16.046669546322565
                    ],
                    [
                        10.0,
                        -3.0,
                        15.0
                    ]
                ]
            },
            {
                "E_imag": [
                    [
                        7.753825811807056e-06,
                        8.31488235771882e-06,
                        -1.001316000911628e-05
                    ]
                ],
                "E_real": [
                    [
                        3.6214406325792153e-06,
                        3.847762640935454e-06,
                        -5.037127398346461e-06
                    ]
                ],
                "order": 1,
                "path": [
                    [
                        -50.0,
                        5.0,
                        21.0
                    ],
                    [
                        23.920339269097887,
                        -14.597080731764434,
                        16.149239994744597
                    ],
                    [
                        10.0,
                        -3.0,
                        15.0
                    ]
                ]
            },
            {
                "E_imag": [
                    [
                        1.1412519323866535e-06,
                        1.102964562718454e-06,
                        -1.8873803983815949e-06
                    ]
                ],
                "E_real": [
                    [
                        1.2115418527848236e-06,
                        1.2080753289252973e-06,
                        -1.598680673504443e-06
                    ]
                ],
                "order": 1,
                "path": [
                    [
                        -50.0,
                        5.0,
                        21.0
                    ],
                    [
                        24.968049297109243,
                        -16.38477211259305,
                        16.22889157168375
                    ],
                    [
                        10.0,
                        -3.0,
                        15.0
                    ]
                ]
            },
            {
                "E_imag": [
                    [
                        0.00017345630986152836,
                        0.0008414364095905481,
                        -6.900830478132885e-05
                    ],
                    [
                        1.4839685559108167e-07,
                        -2.359673797949578e-06,
                        -5.175074150840675e-07
                    ]
                ],
                "E_real": [
                    [
                        0.00019711459863050448,
                        0.00011696712393467403,
                        -0.0002642110398721498
                    ],
                    [
                        6.228258764782591e-07,
                        1.0121425575647468e-06,
                        -4.7414956994919065e-07
                    ]
                ],
                "order": 2,